{"accuracy": [0.57504802942276, 0.8476563096046448, 0.9082865118980408, 0.9372501373291016, 0.9524290561676025, 0.9624581933021545, 0.969499945640564, 0.9732840061187744, 0.9791308045387268, 0.9811792969703674], "loss": [1.4498997926712036, 0.47707873582839966, 0.2857075035572052, 0.19287334382534027, 0.14231638610363007, 0.11124368011951447, 0.09008046239614487, 0.0803903192281723, 0.06314850598573685, 0.05808502435684204], "val_accuracy": [0.8292169570922852, 0.907238781452179, 0.917596161365509, 0.939335286617279, 0.9312542676925659, 0.9502048492431641, 0.9635215401649475, 0.9678465723991394, 0.9679034948348999, 0.965627133846283], "val_loss": [0.5398094654083252, 0.29520878195762634, 0.249017134308815, 0.18977390229701996, 0.21279960870742798, 0.15964189171791077, 0.12101361155509949, 0.10623619705438614, 0.11103860288858414, 0.12323077023029327]}